{
  "best_epoch": 46,
  "peak_cpu_memory_MB": 2166.616,
  "peak_gpu_0_memory_MB": 688,
  "training_duration": "0:56:20.680634",
  "training_start_epoch": 0,
  "training_epochs": 65,
  "epoch": 65,
  "training_loss": 0.580634428023369,
  "training_cpu_memory_MB": 2166.564,
  "training_gpu_0_memory_MB": 688,
  "validation_loss": 1.8371151639864995,
  "best_validation_loss": 1.681311084673955
}