{
  "best_epoch": 39,
  "peak_cpu_memory_MB": 2707.02,
  "peak_gpu_0_memory_MB": 681,
  "training_duration": "1:58:54.256897",
  "training_start_epoch": 0,
  "training_epochs": 58,
  "epoch": 58,
  "training_loss": 0.3969749959713194,
  "training_cpu_memory_MB": 2706.616,
  "training_gpu_0_memory_MB": 681,
  "validation_loss": 1.1813953885665307,
  "best_validation_loss": 1.0451600299431727
}