{
  "best_epoch": 33,
  "peak_cpu_memory_MB": 2698.208,
  "peak_gpu_0_memory_MB": 679,
  "training_duration": "1:58:39.594200",
  "training_start_epoch": 0,
  "training_epochs": 52,
  "epoch": 52,
  "training_loss": 0.4177310749583474,
  "training_cpu_memory_MB": 2698.208,
  "training_gpu_0_memory_MB": 679,
  "validation_loss": 1.2683480519514818,
  "best_validation_loss": 1.1263571564967816
}