{
  "best_epoch": 45,
  "peak_cpu_memory_MB": 2165.72,
  "peak_gpu_0_memory_MB": 674,
  "training_duration": "0:55:03.229735",
  "training_start_epoch": 0,
  "training_epochs": 64,
  "epoch": 64,
  "training_loss": 0.5980919776566788,
  "training_cpu_memory_MB": 2165.688,
  "training_gpu_0_memory_MB": 674,
  "validation_loss": 1.5497030867980077,
  "best_validation_loss": 1.4814063769120436
}