{
  "best_epoch": 39,
  "peak_cpu_memory_MB": 2702.72,
  "peak_gpu_0_memory_MB": 681,
  "training_duration": "2:00:26.972635",
  "training_start_epoch": 0,
  "training_epochs": 58,
  "epoch": 58,
  "training_loss": 0.3926660220048069,
  "training_cpu_memory_MB": 2702.54,
  "training_gpu_0_memory_MB": 681,
  "validation_loss": 1.1001378779227917,
  "best_validation_loss": 0.923206994166741
}