{
  "best_epoch": 35,
  "peak_cpu_memory_MB": 2693.64,
  "peak_gpu_0_memory_MB": 681,
  "training_duration": "2:01:01.756255",
  "training_start_epoch": 0,
  "training_epochs": 54,
  "epoch": 54,
  "training_loss": 0.4155136442813297,
  "training_cpu_memory_MB": 2693.592,
  "training_gpu_0_memory_MB": 681,
  "validation_loss": 1.1105903753867516,
  "best_validation_loss": 0.9800082032497113
}