{
  "best_epoch": 40,
  "peak_cpu_memory_MB": 2695.756,
  "peak_gpu_0_memory_MB": 679,
  "training_duration": "2:09:02.756000",
  "training_start_epoch": 0,
  "training_epochs": 59,
  "epoch": 59,
  "training_loss": 0.371715208152886,
  "training_cpu_memory_MB": 2695.752,
  "training_gpu_0_memory_MB": 679,
  "validation_loss": 1.1358273725670118,
  "best_validation_loss": 1.0266735645440908
}