{
  "best_epoch": 37,
  "peak_cpu_memory_MB": 2708.296,
  "peak_gpu_0_memory_MB": 681,
  "training_duration": "2:03:05.911098",
  "training_start_epoch": 0,
  "training_epochs": 56,
  "epoch": 56,
  "training_loss": 0.39285465826865584,
  "training_cpu_memory_MB": 2708.296,
  "training_gpu_0_memory_MB": 681,
  "validation_loss": 1.1369578127677624,
  "best_validation_loss": 0.9961329125441037
}