{
  "best_epoch": 50,
  "peak_cpu_memory_MB": 2164.384,
  "peak_gpu_0_memory_MB": 674,
  "training_duration": "0:57:15.560330",
  "training_start_epoch": 0,
  "training_epochs": 69,
  "epoch": 69,
  "training_loss": 0.5531167056889529,
  "training_cpu_memory_MB": 2164.384,
  "training_gpu_0_memory_MB": 674,
  "validation_loss": 1.3247124873674834,
  "best_validation_loss": 1.216833770275116
}