{
  "best_epoch": 29,
  "peak_cpu_memory_MB": 2691.024,
  "peak_gpu_0_memory_MB": 679,
  "training_duration": "1:35:24.695004",
  "training_start_epoch": 0,
  "training_epochs": 48,
  "epoch": 48,
  "training_loss": 0.466222571967318,
  "training_cpu_memory_MB": 2691.024,
  "training_gpu_0_memory_MB": 679,
  "validation_loss": 1.172286556317256,
  "best_validation_loss": 1.051496418622824
}