{
  "best_epoch": 35,
  "peak_cpu_memory_MB": 2702.492,
  "peak_gpu_0_memory_MB": 679,
  "training_duration": "1:52:38.189900",
  "training_start_epoch": 0,
  "training_epochs": 54,
  "epoch": 54,
  "training_loss": 0.4429501354513047,
  "training_cpu_memory_MB": 2702.476,
  "training_gpu_0_memory_MB": 679,
  "validation_loss": 1.0013735030706112,
  "best_validation_loss": 0.9118381512279694
}